n_finite,gap_p50,gap_p90,gap_p95
456,0.017538289590437295,0.07013780514234028,0.0887529275675151
