n,med_id,med_sr,med_omega
456,-0.020228785619563705,0.28767147858820774,0.725298775136247
